{
    "antennal lobe": {
        "coefficients": [
            0.013994925811582118,
            -0.012678477681843785,
            -0.20764994625551886,
            0.17829589815965893,
            1.3066029146930784,
            -1.0627902564903984,
            -4.525533937508792,
            3.5051284802675013,
            9.330367388377626,
            -7.009840080231794,
            -11.421280698551504,
            8.757985503975178,
            7.440915623477213,
            -6.719611653477011,
            -1.3021560638684821,
            2.7852143101638593,
            -0.97791349270049,
            -0.16223382660023258,
            -0.1208126084953006,
            -0.32785694839189905,
            0.6549033114871285
        ],
        "mean": 1.5707963267948963,
        "std": 0.9206291925364665
    },
    "basal ganglia": {
        "coefficients": [
            0.051543100651313595,
            -0.004433763090828282,
            -0.7792555728630506,
            0.1047135840629146,
            5.004032894085758,
            -0.9180628567079133,
            -17.714381003872795,
            4.082733503326627,
            37.49924595506474,
            -10.128597455139051,
            -48.19314133287249,
            14.128708247390103,
            36.79184467733207,
            -10.596908473596674,
            -16.15364814135616,
            4.297562745220524,
            3.7430297065892204,
            -1.2275717683977854,
            0.1874216608379131,
            -0.2998063093406917,
            0.1906938267288389
        ],
        "mean": 1.5707963267948963,
        "std": 0.9206291925364665
    },
    "hippocampus": {
        "coefficients": [
            0.045403465985003354,
            -0.04662548231671718,
            -0.6304178134969189,
            0.6357137022915312,
            3.690628141666576,
            -3.61833615200167,
            -11.871904111949151,
            11.16818279243596,
            22.91705834707784,
            -20.329533325687056,
            -27.137092590014003,
            22.134728747746514,
            19.209874417736874,
            -13.690398710297428,
            -7.641402529742206,
            4.1469435323976915,
            1.6566893557730962,
            -0.5949591471773654,
            0.04805117407348962,
            -0.2252327642247941,
            0.20711597528810574
        ],
        "mean": 1.5707963267948963,
        "std": 0.9206291925364665
    },
    "lateral horn": {
        "coefficients": [
            0.01224975549548001,
            0.028865369396834907,
            -0.20527070220317944,
            -0.39152683189511317,
            1.4713339055080856,
            2.22713492480298,
            -5.890884109307353,
            -6.8849077025547905,
            14.4130513285749,
            12.506542397810831,
            -22.073563945014584,
            -13.409924865950426,
            20.621350650222354,
            7.984017911158243,
            -10.583925516237036,
            -2.2551261431397545,
            2.177496240018341,
            0.3719446405555087,
            -0.3619981408128604,
            -0.2441032266728939,
            0.6272485542121655
        ],
        "mean": 1.5707963267948963,
        "std": 0.9206291925364665
    },
    "left adult central complex": {
        "coefficients": [
            0.0171195377903736,
            -0.01269459819906146,
            -0.2514019991346916,
            0.17670899509952717,
            1.5772761395662185,
            -1.0379708711628242,
            -5.518493614871729,
            3.3514390205626343,
            11.77032458432261,
            -6.506695154663778,
            -15.628551028448213,
            7.831372167564771,
            12.41517405612867,
            -5.8048298186020855,
            -4.94303234712773,
            2.419175761580375,
            0.3165210519460976,
            -0.23400905095209978,
            -0.18979447804789562,
            -0.23702709634414312,
            0.6357969796082151
        ],
        "mean": 1.5707963267948963,
        "std": 0.9206291925364665
    },
    "main olfactory bulb": {
        "coefficients": [
            0.007388238593444968,
            0.0011880553668870237,
            -0.10485426061553357,
            -0.011971338827646436,
            0.6232420756594503,
            0.041703237295911556,
            -2.002869301074349,
            -0.03852321220312815,
            3.7228041014093676,
            -0.09848938434036368,
            -3.8971899843101996,
            0.2393249270912129,
            1.9236801639243546,
            -0.10755743471971398,
            -0.05237655426503165,
            -0.07232053206681295,
            -0.3443657061510786,
            0.12553600480751273,
            0.03308527783922567,
            -0.23027297023740412,
            0.4545948533532191
        ],
        "mean": 1.5707963267948963,
        "std": 0.9206291925364665
    },
    "neocortex": {
        "coefficients": [
            0.009933725941756788,
            -0.0028829233611996187,
            -0.15578210716815682,
            0.05875631745809345,
            1.029165405353119,
            -0.463152863703839,
            -3.723314398298139,
            1.9079050543055656,
            7.995852901498078,
            -4.516240052510307,
            -10.278911530289053,
            6.160177501768758,
            7.632483451783296,
            -4.490258923473793,
            -3.2535310961323374,
            1.6402026967543786,
            0.8689005316157592,
            -0.48723233425223034,
            0.1864658700338385,
            -0.27076920364992896,
            0.22199497181389988
        ],
        "mean": 1.5707963267948963,
        "std": 0.9206291925364665
    },
    "optic lobe": {
        "coefficients": [
            0.002754124234162087,
            -0.001133988453256067,
            -0.04490780242795877,
            0.015396799631066804,
            0.31220451533749033,
            -0.08270645139183648,
            -1.2149481003855236,
            0.2272653063522807,
            2.908469214305307,
            -0.35540577402778656,
            -4.3903743732122535,
            0.37800741006322036,
            4.020959450563682,
            -0.3831355030057003,
            -1.8625143841605853,
            0.30483947166710945,
            0.0989524798848472,
            0.044279948701402574,
            -0.08510411657916067,
            -0.27221936980129335,
            0.5329753524463048
        ],
        "mean": 1.5707963267948963,
        "std": 0.9206291925364665
    },
    "protocerebrum": {
        "coefficients": [
            0.0015970533041737222,
            -0.0021665021572557833,
            -0.026773098926193676,
            0.03222797716126708,
            0.1947991424861736,
            -0.2086458299963665,
            -0.8050523897282669,
            0.7780768379708973,
            2.057777511543621,
            -1.8603036080113684,
            -3.2540494452428126,
            2.966908799330582,
            2.841013066802697,
            -3.0785086244384923,
            -0.686385721462787,
            1.7769297471758565,
            -0.6834856597054332,
            -0.1908569580200105,
            -0.07176995387252161,
            -0.27910047263060633,
            0.6288443445678272
        ],
        "mean": 1.5707963267948963,
        "std": 0.9206291925364665
    },