{
    "basal ganglia": {
        "coefficients": [
            0.052512422167279416,
            -0.0047152691890888,
            -0.7926673642716516,
            0.10969868846038514,
            5.080484492424704,
            -0.9530451966478786,
            -17.943896168626882,
            4.209777091163141,
            37.88094727638275,
            -10.38675408599574,
            -48.522403918508836,
            14.423102510040275,
            36.89164547955403,
            -10.777489155119362,
            -16.11512343418779,
            4.3549533537798135,
            3.709797633216061,
            -1.237133983721787,
            0.19540431347973522,
            -0.29994976578948784,
            0.19061084739915032
        ],
        "mean": 1.5707963267948963,
        "std": 0.9206291925364665
    },
    "brain stem": {
        "coefficients": [
            -1.5590302698991798,
            -0.3619956885420363,
            10.947410429809944,
            2.3850191857544725,
            -29.23190184681213,
            -5.872931535624266,
            37.48162908706683,
            6.831063612771642,
            -24.069298086165688,
            -3.8294910129147066,
            7.3057439964548125,
            0.899411267096091,
            -0.7242730862319359,
            -0.30829264301616716,
            0.31676787785561134
        ],
        "mean": 1.5707963267948968,
        "std": 1.0035449615772465
    },
    "cerebellum": {
        "coefficients": [
            -0.6600387173938344,
            0.0049947328185992864,
            4.682879630237466,
            -0.09570429424539847,
            -12.54017602236135,
            0.4869565458604899,
            15.819932405329837,
            -1.0112283811486307,
            -9.436382101498344,
            0.7977663499975077,
            2.2680151648074647,
            -0.12086494215138106,
            -0.17935376509526804,
            0.1126434735963817,
            -0.21312326385824742,
            0.26992850634303633
        ],
        "mean": 1.5707963267948966,
        "std": 0.9971315149887786
    },
    "hippocampus": {
        "coefficients": [
            2.3884654205686275,
            -2.2160361141898903,
            -24.120857248220076,
            21.186884608240497,
            100.8950645694727,
            -81.93067951447095,
            -227.73027701631472,
            164.31840607852217,
            303.70895792071633,
            -181.13361140033422,
            -247.84032012300048,
            105.02607565299621,
            125.40436001730221,
            -24.77785309109336,
            -39.70972479716554,
            -1.8378710632265645,
            7.703586996734418,
            1.3874098914566737,
            -0.5047137221292513,
            -0.4160419628157213,
            0.2698010045953203
        ],
        "mean": 1.5707963267948963,
        "std": 0.971438280661798
    },
    "hypothalamus": {
        "coefficients": [
            -0.11388321075091146,
            0.016157088767167604,
            0.5424605565983086,
            -0.17998017669122793,
            -0.6005353469799161,
            0.1576264215379342,
            -0.0031387336080478377,
            0.23574282598877053,
            -0.19014389095212375,
            0.27757525200170174
        ],
        "mean": 1.5707963267948966,
        "std": 1.0568493455634684
    },
    "neocortex": {
        "coefficients": [
            -0.007461230383768907,
            0.011417427033352055,
            0.10170858752561102,
            -0.15306273658812236,
            -0.5792006139962881,
            0.8568819284339818,
            1.7825389811520576,
            -2.5814904116610218,
            -3.2250849128722154,
            4.513353245198655,
            3.561607419524394,
            -4.699249565389406,
            -2.4436989294027898,
            3.026777728123719,
            0.8646513094213175,
            -1.1389033592760671,
            -0.045894521867214357,
            0.057133906511532564,
            0.23978270451128095,
            -0.3024694129649119,
            0.24845861726152302
        ],
        "mean": 1.5707963267948963,
        "std": 0.9206291925364665
    },
    "pons": {
        "coefficients": [
            0.045638237539880604,
            0.09841755320333855,
            -0.3232806979612584,
            -0.40016759259098506,
            0.7309857118561384,
            0.4518648033147912,
            -0.4825399608049588,
            -0.2503024318145766,
            0.0009560572268132361,
            0.1310729926408632,
            -0.22763243621982182,
            0.38627149698807534
        ],
        "mean": 1.5707963267948966,
        "std": 1.0297430362853617
    },
    "retina": {
        "coefficients": [
            0.018500878754199004,
            -0.00040528313699202703,
            -0.28342753894510603,
            0.01214991679594948,
            1.8513430416981194,
            -0.1175588023381697,
            -6.708560431407653,
            0.5472301405474091,
            14.692874816868137,
            -1.359193595850707,
            -19.91064446255322,
            1.757600218541211,
            16.582417250165648,
            -0.9867594115151846,
            -8.38423316077142,
            0.11147554155024615,
            2.496035092266471,
            0.09356932530065383,
            -0.44937198825725894,
            -0.28587974431192376,
            0.4764129345701554
        ],
        "mean": 1.5707963267948963,
        "std": 0.9206291925364665
    },
    "spinal cord": {
        "coefficients": [
            -0.0379540050937727,
            0.0027862610572313654,
            0.5334430555478523,
            -0.05227205083320428,
            -3.1481499257646233,
            0.37730604174192867,
            10.125540479296692,
            -1.4049177163211728,
            -19.29006211258719,
            3.0051477133535616,
            22.15301914749406,
            -3.883434466661494,
            -14.799729687295425,
            3.040487271533418,
            4.955360171466512,
            -1.178954471835583,
            -0.5410781018905645,
            0.06151773335923305,
            0.18699391460383843,
            -0.2424104972815538,
            0.3347634574521119
        ],
        "mean": 1.5707963267948968,
        "std": 0.9274855920607697
    },
    "thalamus": {
        "coefficients": [
            -0.27390401907814826,
            -0.1891390903275634,
            1.8163386647882183,
            1.2439473094906273,
            -4.709736649077411,
            -2.793295077617418,
            6.064011424711552,
            2.3512722812590043,
            -3.6010920640929385,
            -0.7024984469282294,
            0.4894301242433041,
            0.46002619833166714,
            -0.25409237868132456,
            0.22422200128305553
        ],
        "mean": 1.5707963267948966,
        "std": 1.0109403818891127
    },
    "ventral striatum": {
        "coefficients": [
            -0.20389518673522838,
            -0.09091870406850659,
            2.8654907639596807,
            1.0842862428867814,
            -17.086798440872702,
            -5.31004526044174,
            56.1969005814888,
            13.811273312238301,
            -110.97187090413392,
            -20.633679791066516,
            134.33069144812677,
            17.745997429341106,
            -97.54507283201583,
            -7.941914311061966,
            39.19494914972698,
            1.3482507409838058,
            -6.864641003082165,
            -0.35259027830891637,
            0.5030094813344268,
            -0.26064199896202034,
            0.18968071103203454
        ],
        "mean": 1.5707963267948968,
        "std": 0.936420614268217
    },